Location Name,Latitude,Longitude,Image URLs
"San Antonio, Texas",,,
Montana,,,
"Denver, Colorado",,,
"Paris, France",,,
"St. Petersburg, Florida",,,
"Tampa, Florida",,,
"Baltimore, Maryland",,,
Washington D.C.,,,
"Las Vegas, Nevada",,,
"Bentonville, Arkansas",,,
"Fayetteville, Arkansas",,,
"Los Angeles, California",,,
"Isla Mujeres, Mexico",,,
"Portland, Oregon",,,
"Yellowstone National Park, Idaho",,,
"Cancun, Mexico",,,
"Landivy, France",,,
"Rome, Italy",,,
"Florence, Italy",,,
"Istanbul, Turkey",,,
"Fethiye, Turkey",,,
"Antalya, Turkey",,,
"Shkoder, Albania",,,
"Tirana, Albania",,,
"Podgorica, Montenegro",,,
"Zagreb, Croatia",,,
"Lima, Peru",,,
Mexico,,,
"Vancouver, Canada",,,
Bulgaria,,,
Macedonia,,,
Bosnia/Herzegovina,,,
Slovenia,,,
Austria,,,
Germany,,,
"Bangkok, Thailand",,,
"Chiang Mai, Thailand",,,
Vatican City,,,
"Lisbon, Portugal",,,
"Sintra, Portugal",,,
Kosovo (landlocked),,,
"Leon, Spain",,,
"Salamanca, Spain",,,
"Madrid, Spain",,,
"Gijon, Spain",,,
"Astorga, Spain",,,
"Las Medulas, Spain",,,
"Nuremberg, Germany",,,
"Ybbs an der Donau, Austria",,,